relative_path,format,bytes,sha256,records_or_items,variables,structural_note
data/figure_source_data/02a32220c192_by_seed.csv,csv,13933,02a32220c1920e9c74e4084be5f19026b3bd3a0484af8802d8fa7fc5b5e08efe,60,study;run_id;seed;role;S_rel_l2;S_RMSE_front_band;conditional_chamfer_m;p_tilde_rel_l2;p_phys_RMSE_MPa;local_FV_CO2_RMSE;CO2_mass_rel_error_mean;wall_time_hours;oscillation_std_log10_tail;max_gpu_max_alloc_gb;trainable_params,UTF-8 comma-separated table
data/figure_source_data/0577272f5dac_snapshot_metadata.json,json,772,c69009c890c85c6057677fb2518e13f2ccd27305ea701a2ceb39eefc40715d33,7,label;run_id;exp_name;training_strategy;leave_out;checkpoint;times,UTF-8 JSON metadata
data/figure_source_data/0ee49018e840_final.npz,npz,9953840,0ee49018e840e465603571a1ec78a42c28428baf2185921fd1bd9a4e24e868c3,11,X;Y;p_true;p_pred;p_error;S_true;S_pred;S_error;time_seconds;time_display;time_unit,NumPy archive; allow_pickle=False compatible
data/figure_source_data/0ee49018e840_snapshot_grid.npz,npz,9953840,0ee49018e840e465603571a1ec78a42c28428baf2185921fd1bd9a4e24e868c3,11,X;Y;p_true;p_pred;p_error;S_true;S_pred;S_error;time_seconds;time_display;time_unit,NumPy archive; allow_pickle=False compatible
data/figure_source_data/1b0a223fc3a1_multiray_front_by_ray.csv,csv,107792,1b0a223fc3a175af0293c118659ab22154accee2473b59ac1806cdb894cc9a36,288,run_id;exp_name;training_strategy;leave_out;seed;ray_id;ray_angle_deg;n_time_ray_total;n_time_ray_valid;W_front_ratio_1090_mean;W_front_ratio_1090_std;W_front_abs_rel_error_1090_mean;W_front_abs_rel_error_1090_std;front_inverse_slope_width_ratio_mean;front_inverse_slope_width_ratio_std;front_sharpness_ratio_mean;front_sharpness_ratio_std;front_position_signed_error_mid_mean;front_position_signed_error_mid_std;front_position_abs_error_mid_mean;front_position_abs_error_mid_std;front_position_rel_error_mid_mean;front_position_rel_error_mid_std;front_position_abs_error_maxgrad_mean;front_position_abs_error_maxgrad_std,UTF-8 comma-separated table
data/figure_source_data/1e26aa04d39a_snapshot_grid.npz,npz,10214975,1e26aa04d39a21f0562398237d482f5c546253832d36c873e01f5725e2fe08ad,11,X;Y;p_true;p_pred;p_error;S_true;S_pred;S_error;time_seconds;time_display;time_unit,NumPy archive; allow_pickle=False compatible
data/figure_source_data/2ac99a986403_by_time_global_accuracy.csv,csv,12831750,b72b11f52e1a9bdb8672befe5b43abe2b34dc3b2484b8fcd84d0a40f959313d1,5792,run_id;exp_name;training_strategy;leave_out;seed;ckpt_path;time_index;snapshot_label;time_s;time_days;n_used;p_tilde_mse;p_tilde_rmse;p_tilde_mae;p_tilde_rel_l2;p_tilde_maxae;p_tilde_bias;p_tilde_p95ae;p_tilde_p99ae;p_tilde_nrmse_range;p_tilde_nrmse_iqr;p_tilde_r2;p_tilde_corr;p_phys_Pa_mse;p_phys_Pa_rmse;p_phys_Pa_mae;p_phys_Pa_rel_l2;p_phys_Pa_maxae;p_phys_Pa_bias;p_phys_Pa_p95ae;p_phys_Pa_p99ae;p_phys_Pa_nrmse_range;p_phys_Pa_nrmse_iqr;p_phys_Pa_r2;p_phys_Pa_corr;p_phys_RMSE_MPa;p_phys_MAE_MPa;S_mse;S_rmse;S_mae;S_rel_l2;S_maxae;S_bias;S_p95ae;S_p99ae;S_nrmse_range;S_nrmse_iqr;S_r2;S_corr;S_RMSE_front_band;S_MAE_front_band;S_Bias_front_band;dS_RMSE_front_band;dS_MAE_front_band;dS_Bias_front_band;n_front_band;S_RMSE_plume_rawS005;S_MAE_plume_rawS005;S_Bias_plume_rawS005;dS_RMSE_plume_rawS005;dS_MAE_plume_rawS005;dS_Bias_plume_rawS005;n_plume_rawS005;S_RMSE_background_rawS002;S_MAE_background_rawS002;S_Bias_background_rawS002;dS_RMSE_background_rawS002;dS_MAE_background_rawS002;dS_Bias_background_rawS002;n_background_rawS002;S_RMSE_core;S_MAE_core;S_Bias_core;dS_RMSE_core;dS_MAE_core;dS_Bias_core;n_core;S_RMSE_near_sic;S_MAE_near_sic;S_Bias_near_sic;dS_RMSE_near_sic;dS_MAE_near_sic;dS_Bias_near_sic;n_near_sic;S_RMSE_mobile_co2_training_raw;S_MAE_mobile_co2_training_raw;S_Bias_mobile_co2_training_raw;dS_RMSE_mobile_co2_training_raw;dS_MAE_mobile_co2_training_raw;dS_Bias_mobile_co2_training_raw;n_mobile_co2_training_raw;S_RMSE_mobile_co2_raw;S_MAE_mobile_co2_raw;S_Bias_mobile_co2_raw;dS_RMSE_mobile_co2_raw;dS_MAE_mobile_co2_raw;dS_Bias_mobile_co2_raw;n_mobile_co2_raw;S_RMSE_excess_plume_dS005;S_MAE_excess_plume_dS005;S_Bias_excess_plume_dS005;dS_RMSE_excess_plume_dS005;dS_MAE_excess_plume_dS005;dS_Bias_excess_plume_dS005;n_excess_plume_dS005;S_RMSE_excess_mobile_dS002;S_MAE_excess_mobile_dS002;S_Bias_excess_mobile_dS002;dS_RMSE_excess_mobile_dS002;dS_MAE_excess_mobile_dS002;dS_Bias_excess_mobile_dS002;n_excess_mobile_dS002;S_RMSE_excess_background_dS001;S_MAE_excess_background_dS001;S_Bias_excess_background_dS001;dS_RMSE_excess_background_dS001;dS_MAE_excess_background_dS001;dS_Bias_excess_background_dS001;n_excess_background_dS001;S_RMSE_excess_leading_band_dS005;S_MAE_excess_leading_band_dS005;S_Bias_excess_leading_band_dS005;dS_RMSE_excess_leading_band_dS005;dS_MAE_excess_leading_band_dS005;dS_Bias_excess_leading_band_dS005;n_excess_leading_band_dS005;IC_S_RMSE_vs_S_IC_CO2;IC_S_Bias_vs_S_IC_CO2;plot_label;plot_group,UTF-8 comma-separated table
data/figure_source_data/32e314f5d40a_by_seed.csv,csv,20949,32e314f5d40a5251ad13bb73e541b41b0cf38c49a2ea58aef0df46228440eea4,96,case;role;grid;mapping;seed;error;raw_reference_error;unclipped_error;initial_error;reference_peak_kg_per_m;raw_eos_reference_difference;max_clipped_fraction;min_pressure_pa;max_pressure_pa;effective_area_m2,UTF-8 comma-separated table
data/figure_source_data/40cd0b2f65da_snapshot_metadata.json,json,772,b9cc9c05013407ba0f4b534ea35cc4c5765263f5bb3b199e692b145fdc97b355,7,label;run_id;exp_name;training_strategy;leave_out;checkpoint;times,UTF-8 JSON metadata
data/figure_source_data/42ecb985478c_snapshot_metadata.json,json,772,9f704156672d1ddeec6e76b68e13c814a89270133848669e55fc92b9ae09eaea,7,label;run_id;exp_name;training_strategy;leave_out;checkpoint;times,UTF-8 JSON metadata
data/figure_source_data/44586ea104cb_snapshot_grid.npz,npz,9968848,44586ea104cbdbe7654f29558e9adb14dc71b582a49d33695f211a1660951514,11,X;Y;p_true;p_pred;p_error;S_true;S_pred;S_error;time_seconds;time_display;time_unit,NumPy archive; allow_pickle=False compatible
data/figure_source_data/44ce4bae0f55_by_run.csv,csv,11377,44ce4bae0f551f8a2fb554499b764a3219fe0f34be2dfbda3302e8f2dc8924df,76,case;run_id;role;seed;n_both_present;n_predicted_missing;initial_false_front;conditional_chamfer_m;all_defined_penalized_m;reference_present_penalized_m;IC_grid_S_RMSE;IC_grid_S_bias,UTF-8 comma-separated table
data/figure_source_data/464c44c6a76b_paired_effects.csv,csv,9834,464c44c6a76b8910f59dea82fac548f3e42d9d9570ce589e29fbfab76df26dea,130,study;role;base;metric;mean_percent;SD_percent;n_increased;n,UTF-8 comma-separated table
data/figure_source_data/4c132295533d_K_paired_effects.csv,csv,1146,4c132295533d3725cc2eebde34375f908418a91d154445baeca7473c49ba48e9,15,role;metric;mean_percent;SD_percent;n_increased;n,UTF-8 comma-separated table
data/figure_source_data/4ee4ce7f2427_snapshot_grid.npz,npz,9974961,4ee4ce7f242738e9337cb528edb5bb8fbbc6cb2e1d3365dfd5e4b872be6468ed,11,X;Y;p_true;p_pred;p_error;S_true;S_pred;S_error;time_seconds;time_display;time_unit,NumPy archive; allow_pickle=False compatible
data/figure_source_data/5076b023483f_snapshot_metadata.json,json,772,21597fdb979f08418301b10095322df24792c8fa51617da40df2438d88b6fefe,7,label;run_id;exp_name;training_strategy;leave_out;checkpoint;times,UTF-8 JSON metadata
data/figure_source_data/5184d0351607_snapshot_grid.npz,npz,10246856,5184d0351607e240e5e927c4facf7d3b790349a9717e1b18a3dd75a26b03890b,11,X;Y;p_true;p_pred;p_error;S_true;S_pred;S_error;time_seconds;time_display;time_unit,NumPy archive; allow_pickle=False compatible
data/figure_source_data/5d5cfad89ed5_loss_points.csv,csv,96493,5d5cfad89ed5be27b4e7b05e46b8f2b52f6b8363c2ad85a8cd358ee5bf75ae0f,400,run_id;short_label;exp_name;training_strategy;leave_out;seed;kind;x;mode;loss;wPDE;wFV;wFG;beta;eps;pde;fv;fvC;fvW;dataP;dataS;Sg;Sf;Sp;Sfg;injF;injS;outP;outBF;noflow;icP;icS;alloc;reserv;max_alloc;max_reserv;nFG;dFG,UTF-8 comma-separated table
data/figure_source_data/61b4052f5350_snapshot_metadata.json,json,772,e6aac0619202b139308201a577d7bcfb961eb178cede23407513c0a340fcab10,7,label;run_id;exp_name;training_strategy;leave_out;checkpoint;times,UTF-8 JSON metadata
data/figure_source_data/6999e0edfd8e_LOO_paired.csv,csv,1125,6999e0edfd8ebcbcb82cfcdf9898ae165b976fad9c23e2647aabc62c096687f8,18,removed;metric;mean;SD;n_positive,UTF-8 comma-separated table
data/figure_source_data/6b5c512412b3_K_by_seed.csv,csv,3823,6b5c512412b3b915b52473330bffb985a64d842c8941366beefff310d29840ab,20,role;seed;run_id;S_rel_l2;band_RMSE;band_time_mean_RMSE;pressure_RMSE_MPa;local_FV_residual;inventory_error;wall_hours;params;peak_alloc_GB,UTF-8 comma-separated table
data/figure_source_data/7097db6a3ed0_early.npz,npz,10112768,7097db6a3ed0e483c10c4c4d9393f914ab80ccfce899903f25ade60e1dbb2528,11,X;Y;p_true;p_pred;p_error;S_true;S_pred;S_error;time_seconds;time_display;time_unit,NumPy archive; allow_pickle=False compatible
data/figure_source_data/73c170a9b244_snapshot_metadata.json,json,772,1dfd7ccdf310c1a248cb45a62b66582cd8bd72a07966f3a9dddcb1adcf0b45a6,7,label;run_id;exp_name;training_strategy;leave_out;checkpoint;times,UTF-8 JSON metadata
data/figure_source_data/80eee6e3ae5d_holdout_summary.csv,csv,1261,80eee6e3ae5df85fcd1a1f0ec04c911d157f07221153cbfdf6078ef7e054d5cb,14,partition;model;heldout_mean;heldout_SD;gap,UTF-8 comma-separated table
data/figure_source_data/835805ce15c0_snapshot_grid.npz,npz,9975232,835805ce15c047df9b7e736746df117f9603364b56d8cfb919de4ace3ae2e1ed,11,X;Y;p_true;p_pred;p_error;S_true;S_pred;S_error;time_seconds;time_display;time_unit,NumPy archive; allow_pickle=False compatible
data/figure_source_data/8549f324fe6d_snapshot_grid.npz,npz,9921230,8549f324fe6dd0c7edf11e84fb9a3dd0c8307a22e6a573b277109fe0b557a439,11,X;Y;p_true;p_pred;p_error;S_true;S_pred;S_error;time_seconds;time_display;time_unit,NumPy archive; allow_pickle=False compatible
data/figure_source_data/87eedb8129c3_snapshot_grid.npz,npz,9977254,87eedb8129c3e518b447b6ee0701620defa5c5d33aa881392895be3d0eb1267c,11,X;Y;p_true;p_pred;p_error;S_true;S_pred;S_error;time_seconds;time_display;time_unit,NumPy archive; allow_pickle=False compatible
data/figure_source_data/8d2ef6fb6d35_breakthrough_curves.csv,csv,4980466,8d2ef6fb6d3570d3e49b1c2f72ca5f741acede1b0e16cbb84910fdfa7b329dfc,49232,run_id;exp_name;training_strategy;leave_out;seed;time_s;s_true;s_pred,UTF-8 comma-separated table
data/figure_source_data/98fb8735fa87_multiray_front_profiles.csv,csv,27001267,98fb8735fa87a05b4487ca292bbbdc7d34e0da6623d7c1b9bf571ce3022ccc68,173664,run_id;exp_name;training_strategy;leave_out;seed;time_index;time_s;ray_id;ray_index;ray_angle_deg;arclength;x;y;s_true;s_pred,UTF-8 comma-separated table
data/figure_source_data/Figure10_M3_M4_paired.csv,csv,457,76365ecdc0ac8c9921169b8981330565876bddd5716b6dfa78a516f743d3eabc,9,ray_angle_deg;mean;std;count,UTF-8 comma-separated table
data/figure_source_data/Figure10_M6_M7_paired.csv,csv,464,aaadc61cd5d0f6e9ef69997fcb1a10aad64b4dcb4b12ca55333700e6d7fea002,9,ray_angle_deg;mean;std;count,UTF-8 comma-separated table
data/figure_source_data/Figure10_source.csv,csv,398,d3e16b514b8053c20a69b72f1532b78ef9a8656702cd518d96bc722b871c841b,8,exp_name;sharpness_ratio_mean;sharpness_ratio_std,UTF-8 comma-separated table
data/figure_source_data/Figure10_source_byray.csv,csv,479,d8fc48a568dd382f5686ca33159f48ab872e9ff1296ace997ebb5b1ded6a40b3,9,ray_angle_deg;delta_sharpness_M3_to_M4;delta_sharpness_M6_to_M7,UTF-8 comma-separated table
data/figure_source_data/Figure11a_source.csv,csv,1691,88bc3f719e77d8b08f4bc5525e1dbe04f86d1a26f25b2506b1a60f80c1096f32,14,partition;model;heldout_mean;heldout_SD;gap;mode;kept_pct;heldout,UTF-8 comma-separated table
data/figure_source_data/Figure11b_source.csv,csv,11614,97231da33a94250a46750eabfcd27d127e6f948b30c98bf855dfbe95e008849c,88,study;run_id;exp;seed;n_labels;fourier;use_rar;use_fv;rar_points;fv_cells;relL2_S;front_band_RMSE;E_front_shockpos;E_bt;W_front_pred;S_star;v_shock;t_bt_true,UTF-8 comma-separated table
data/figure_source_data/Figure1_schematic_profiles.csv,csv,30056,d15432594165793dbf623deca317821c15bd24d6f7fb1b2d0b1c7e923f112466,400,schematic_position;illustrative_sharp;broadened_shifted,UTF-8 comma-separated table
data/figure_source_data/Figure2_curves.csv,csv,80113,b095af500919f0e171a34e3574eef9d73a6b35fd961e47c3b74eddc1f29ef1f9,801,S;krw;krc;fc,UTF-8 comma-separated table
data/figure_source_data/Figure6_manifest.csv,csv,270,8493be7bf6f0da97bbc9b21a2784993ac114f06e97f75bad070008b1ca555e88,4,row;quantity;time_days;above_color_limit_percent;max_absolute_error,UTF-8 comma-separated table
data/figure_source_data/Figure7_SD.csv,csv,753,38146320d5f1ca3b8562c2a5d205c9a7bcde0a273f4dd3f260126b99c1d5d9f9,8,role;S_rel_l2;S_RMSE_front_band;p_phys_RMSE_MPa;local_FV_CO2_RMSE,UTF-8 comma-separated table
data/figure_source_data/Figure7_mean.csv,csv,721,e83234039489d26d2a1766d50c28163468bd798ec53a828c3d6f7699519c5265,8,role;S_rel_l2;S_RMSE_front_band;p_phys_RMSE_MPa;local_FV_CO2_RMSE,UTF-8 comma-separated table
data/figure_source_data/Figure8_SD_percent.csv,csv,1041,bc48b3a26dc17bcf088a480c9afb1e12a7b828e7b9f9554f166534ee3864618b,6,;front_band_RMSE_pooled;contour_chamfer_S018;front_position_abs_err;front_excess_width;S_rel_l2;p_RMSE_MPa;local_FV_CO2_RMSE;CO2_mass_rel_error,UTF-8 comma-separated table
data/figure_source_data/Figure8_mean_percent.csv,csv,1062,5ff4614898ebc13407d01cd4191b557c47aa05d56326e3ff902c87da5cefcc19,6,;front_band_RMSE_pooled;contour_chamfer_S018;front_position_abs_err;front_excess_width;S_rel_l2;p_RMSE_MPa;local_FV_CO2_RMSE;CO2_mass_rel_error,UTF-8 comma-separated table
data/figure_source_data/Figure9_breakthrough_summary.csv,csv,3429,e5709e3b4a8a7af423f3756c70c7d4095ef6fdeff76f7c1f95cefc5bfd1c8a11,8,run_id;exp_name;training_strategy;leave_out;seed;heldout_relL2_S;heldout_relL2_S_front;heldout_relL2_p_tilde;insample_relL2_S;insample_to_heldout_gap_S;bt_abs_error;bt_rel_error;checkpoint_data_holdout;holdout_spec_match;holdout_spec_note;W_front_ratio_mean;W_front_ratio_1090_mean;front_width_ratio_1090_mean;W_front_ratio_recommended_mean;W_front_abs_rel_error_1090_mean;front_inverse_slope_width_ratio_mean;W_front_ratio_legacy_grad_mean;W_front_ratio_grad_mean;front_sharpness_ratio_mean;front_position_signed_error_mid_mean;front_position_abs_error_mid_mean;front_position_rel_error_mid_mean;front_position_abs_error_maxgrad_mean,UTF-8 comma-separated table
data/figure_source_data/Figure9a_source.csv,csv,138973,9aea3116fd6810db213c8386ea9a5d6a5d515fc716fc55ecc9d64a936c4914d5,1809,panel;time_s;model;arclength_m;S_pred;S_ref,UTF-8 comma-separated table
data/figure_source_data/Figure9b_source.csv,csv,541860,0a5acb131a3382d7e509ac9339953e93dae2a854230283b4c187ce70c1277987,5792,run_id;exp_name;training_strategy;leave_out;seed;time_s;s_true;s_pred,UTF-8 comma-separated table
data/figure_source_data/FigureB1_source.csv,csv,24140,601f113349430e2778805152dcedf5dde55d51ba4dd8bb8e93a9e86fb9c378a9,100,run_id;short_label;exp_name;training_strategy;leave_out;seed;kind;x;mode;loss;wPDE;wFV;wFG;beta;eps;pde;fv;fvC;fvW;dataP;dataS;Sg;Sf;Sp;Sfg;injF;injS;outP;outBF;noflow;icP;icS;alloc;reserv;max_alloc;max_reserv;nFG;dFG,UTF-8 comma-separated table
data/figure_source_data/FigureB2_source.csv,csv,459151,f215e4fd1211136e4889e00de9d456b0601107f5d5af01859653531d1c788736,5792,M;t_d;S_rmse;S_RMSE_front_band;p_phys_RMSE_MPa,UTF-8 comma-separated table
data/figure_source_data/FigureB4_manifest.csv,csv,211,2ff00d13c5a38a6b99a67cc34154c62cbba435ef83358599fd3b71340b31cf91,4,row;quantity;time_days;above_color_limit_percent;max_absolute_error,UTF-8 comma-separated table
data/figure_source_data/HK_component_paired.csv,csv,5412,c542674b0682f8e20e6e19a82a7443a0e7d66a10a9a16c2ac0c40da2b0e93f8f,64,case;metric;deletion;group;seed;complete;deleted;percent,UTF-8 comma-separated table
data/figure_source_data/HK_component_summary.csv,csv,1063,dd8949ae432d85b3fb3f39f9e6e371a393fbabd7fea08606d242be1d84ec77d2,16,case;metric;deletion;n;mean;SD;n_increased,UTF-8 comma-separated table
data/figure_source_data/H_FV_tradeoff_source.csv,csv,745,9031fef18718f60a9e2d3934ca7c20d123315e88cd7c5bfa3f5c8b4b8196cdc2,8,seed;metric;no_FV_local;complete_local;no_FV_error;complete_error,UTF-8 comma-separated table
data/figure_source_data/K_field_ranges.csv,csv,937,fb992e147a5a1d01783fb79d322d0173369984f8e5be10fa1dd0354149471e4c,6,figure;quantity;tag;time_seconds;reference_min;reference_max;prediction_min;prediction_max;max_abs_error;error_limit;clipped_points,UTF-8 comma-separated table
data/figure_source_data/ae735d2ae08f_snapshot_metadata.json,json,772,cdd2992eabb82db23bf1914cf759ce10fac43df3b921098391be67fae0956d5b,7,label;run_id;exp_name;training_strategy;leave_out;checkpoint;times,UTF-8 JSON metadata
data/figure_source_data/b38477efbbfb_paired_effects.csv,csv,1301,b38477efbbfb833ef47da19340b721697624313fdf05fc9c49502cd591bec6a0,9,case;deletion;mean_percent;SD_percent;n_increased;n_seeds;seed_0_percent;seed_1_percent;seed_2_percent;seed_42_percent,UTF-8 comma-separated table
data/figure_source_data/b3dd27256ddb_snapshot_metadata.json,json,852,3a1d8cb1e1b534863a70819a1173bd3f5ea104c60921e3912db6aec3ceb4da33,7,label;run_id;exp_name;training_strategy;leave_out;checkpoint;times,UTF-8 JSON metadata
data/figure_source_data/c22006814136_paired.csv,csv,1781,c2200681413654f34c2e2606bf281c2a1289df89d9c0e978868b253230941a7a,48,case;grid;mapping;seed;deletion_relative_change_percent,UTF-8 comma-separated table
data/figure_source_data/c85eab6edbf4_middle.npz,npz,9942468,c85eab6edbf4ff3485f7d3459a7ff31c507c67637798ac1bc7b4133d23886cf0,11,X;Y;p_true;p_pred;p_error;S_true;S_pred;S_error;time_seconds;time_display;time_unit,NumPy archive; allow_pickle=False compatible
data/figure_source_data/c9809f839f83_snapshot_grid.npz,npz,10280655,c9809f839f832f6b14b7d21c3181c81e800b9bf295a956eced0aac0ff3264155,11,X;Y;p_true;p_pred;p_error;S_true;S_pred;S_error;time_seconds;time_display;time_unit,NumPy archive; allow_pickle=False compatible
data/figure_source_data/ce42de22cb58_BL_by_seed.csv,csv,13955,ce42de22cb58c3cc884e4db0591dcb08975736b6d116940f069e1c7a20951eb4,104,study;run_id;exp;seed;n_labels;fourier;use_rar;use_fv;rar_points;fv_cells;relL2_S;front_band_RMSE;E_front_shockpos;E_bt;W_front_pred;S_star;v_shock;t_bt_true,UTF-8 comma-separated table
data/figure_source_data/db86ff9f9828_snapshot_grid.npz,npz,9978122,db86ff9f9828100ef891d0e533154eeacd67b4d39629cec13b5b38b0deea6b19,11,X;Y;p_true;p_pred;p_error;S_true;S_pred;S_error;time_seconds;time_display;time_unit,NumPy archive; allow_pickle=False compatible
data/figure_source_data/e6940405d98e_snapshot_metadata.json,json,772,5932b00e7e182953a8a6aebb8fb91a9615f342f9b0634fe1679389cb2ff9f992,7,label;run_id;exp_name;training_strategy;leave_out;checkpoint;times,UTF-8 JSON metadata
data/figure_source_data/ef3eb1e88390_snapshot_grid.npz,npz,9966254,ef3eb1e8839055469f736a19cc57302b9f34bcc0cd72ecdcb313e89719e1f0c4,11,X;Y;p_true;p_pred;p_error;S_true;S_pred;S_error;time_seconds;time_display;time_unit,NumPy archive; allow_pickle=False compatible
data/figure_source_data/f56ffcc4b9d5_summary_heldout_front_timing.csv,csv,25922,f56ffcc4b9d50b93003e32549e9d974f85f9d2322c3fbaa958d5d0d07c4f67bd,68,run_id;exp_name;training_strategy;leave_out;seed;heldout_relL2_S;heldout_relL2_S_front;heldout_relL2_p_tilde;insample_relL2_S;insample_to_heldout_gap_S;bt_abs_error;bt_rel_error;checkpoint_data_holdout;holdout_spec_match;holdout_spec_note;W_front_ratio_mean;W_front_ratio_1090_mean;front_width_ratio_1090_mean;W_front_ratio_recommended_mean;W_front_abs_rel_error_1090_mean;front_inverse_slope_width_ratio_mean;W_front_ratio_legacy_grad_mean;W_front_ratio_grad_mean;front_sharpness_ratio_mean;front_position_signed_error_mid_mean;front_position_abs_error_mid_mean;front_position_rel_error_mid_mean;front_position_abs_error_maxgrad_mean,UTF-8 comma-separated table
data/figure_source_data/fbf058ba7cfc_holdout_by_seed.csv,csv,22703,fbf058ba7cfc0d7c778c98f09cee2ee79b6869b0f70a1efaf864c15170b34229,112,partition;run_id;exp_name;training_strategy;leave_out;seed;split;n;relL2_S;rmse_S;relL2_p_tilde;rmse_p_tilde;relL2_S_front;rmse_S_front;n_front,UTF-8 comma-separated table
